{"step": 58, "phase": "phase2", "timestamp": 1759792639.284277, "metrics": {"avg_reward": 324.3879721731044, "completion_rate": 1.0, "expert_match_rate": 0.7174242424242424, "bc_loss": 1.9211663675308226, "expert_probability": 0.8}}
{"step": 61, "phase": "phase2", "timestamp": 1759792767.0093446, "metrics": {"avg_reward": 324.41728861907217, "completion_rate": 1.0, "expert_match_rate": 0.7637878787878788, "bc_loss": 2.032405345439911, "expert_probability": 0.8}}
{"step": 62, "phase": "phase2", "timestamp": 1759792805.3654299, "metrics": {"avg_reward": 328.8554972003294, "completion_rate": 1.0, "expert_match_rate": 0.8031565656565656, "bc_loss": 2.1987778902053834, "expert_probability": 0.8}}
{"step": 63, "phase": "phase2", "timestamp": 1759792834.4146235, "metrics": {"avg_reward": 331.7851331884152, "completion_rate": 1.0, "expert_match_rate": 0.790460729746444, "bc_loss": 2.1987778902053834, "expert_probability": 0.8}}
{"step": 64, "phase": "phase2", "timestamp": 1759792863.0355475, "metrics": {"avg_reward": 329.43417329436187, "completion_rate": 1.0, "expert_match_rate": 0.7880817099567099, "bc_loss": 2.1987778902053834, "expert_probability": 0.8}}
{"step": 65, "phase": "phase2", "timestamp": 1759792901.1956284, "metrics": {"avg_reward": 321.88621068758727, "completion_rate": 1.0, "expert_match_rate": 0.8116281866281866, "bc_loss": 1.9426054656505585, "expert_probability": 0.8}}
{"step": 67, "phase": "phase2", "timestamp": 1759792958.3253224, "metrics": {"avg_reward": 323.2917808859278, "completion_rate": 1.0, "expert_match_rate": 0.8379653679653678, "bc_loss": 1.9426054656505585, "expert_probability": 0.8}}
{"step": 68, "phase": "phase2", "timestamp": 1759792995.8819735, "metrics": {"avg_reward": 323.89928388509844, "completion_rate": 1.0, "expert_match_rate": 0.8754653679653679, "bc_loss": 2.263333284854889, "expert_probability": 0.8}}
{"step": 69, "phase": "phase2", "timestamp": 1759793026.5218253, "metrics": {"avg_reward": 327.1145788908708, "completion_rate": 1.0, "expert_match_rate": 0.8813095238095239, "bc_loss": 2.263333284854889, "expert_probability": 0.8}}
{"step": 70, "phase": "phase2", "timestamp": 1759793056.2566798, "metrics": {"avg_reward": 333.67346830448577, "completion_rate": 1.0, "expert_match_rate": 0.8659249084249083, "bc_loss": 2.263333284854889, "expert_probability": 0.8}}
{"step": 71, "phase": "phase2", "timestamp": 1759793095.8487968, "metrics": {"avg_reward": 321.8935599076775, "completion_rate": 1.0, "expert_match_rate": 0.8792582417582417, "bc_loss": 1.930244870185852, "expert_probability": 0.8}}
{"step": 72, "phase": "phase2", "timestamp": 1759793121.7527616, "metrics": {"avg_reward": 319.6352256710428, "completion_rate": 1.0, "expert_match_rate": 0.8792582417582416, "bc_loss": 1.930244870185852, "expert_probability": 0.8}}
{"step": 74, "phase": "phase2", "timestamp": 1759793157.8539414, "metrics": {"avg_reward": 328.0837222866163, "completion_rate": 1.0, "expert_match_rate": 0.9006868131868131, "bc_loss": 2.044735162258148, "expert_probability": 0.8}}
