{"step": 83, "phase": "phase2", "timestamp": 1759797190.4231853, "metrics": {"avg_reward": 324.13975640282405, "completion_rate": 1.0, "expert_match_rate": 0.34375, "bc_loss": 2.108749171495438, "expert_probability": 0.8}}
{"step": 84, "phase": "phase2", "timestamp": 1759797260.5519094, "metrics": {"avg_reward": 325.1158793944009, "completion_rate": 1.0, "expert_match_rate": 0.5625, "bc_loss": 2.108749171495438, "expert_probability": 0.8}}
{"step": 86, "phase": "phase2", "timestamp": 1759797312.7501085, "metrics": {"avg_reward": 322.1403887916382, "completion_rate": 1.0, "expert_match_rate": 0.6475, "bc_loss": 2.161613426208496, "expert_probability": 0.8}}
{"step": 87, "phase": "phase2", "timestamp": 1759797340.8837762, "metrics": {"avg_reward": 307.72978150971807, "completion_rate": 1.0, "expert_match_rate": 0.7062499999999999, "bc_loss": 2.161613426208496, "expert_probability": 0.8}}
{"step": 88, "phase": "phase2", "timestamp": 1759797369.610756, "metrics": {"avg_reward": 330.4776202528326, "completion_rate": 1.0, "expert_match_rate": 0.6929147465437788, "bc_loss": 1.9888519394397737, "expert_probability": 0.8}}
{"step": 89, "phase": "phase2", "timestamp": 1759797398.3684351, "metrics": {"avg_reward": 327.3592057430871, "completion_rate": 1.0, "expert_match_rate": 0.6241575460829493, "bc_loss": 1.9888519394397737, "expert_probability": 0.8}}
{"step": 90, "phase": "phase2", "timestamp": 1759797427.7149134, "metrics": {"avg_reward": 309.96542675591496, "completion_rate": 1.0, "expert_match_rate": 0.5548067076292882, "bc_loss": 1.9888519394397737, "expert_probability": 0.8}}
{"step": 91, "phase": "phase2", "timestamp": 1759797443.889989, "metrics": {"avg_reward": 306.8038749329841, "completion_rate": 1.0, "expert_match_rate": 0.5759927035330261, "bc_loss": 2.1680925464630123, "expert_probability": 0.8}}
{"step": 92, "phase": "phase2", "timestamp": 1759797485.7238219, "metrics": {"avg_reward": 314.9937058702408, "completion_rate": 1.0, "expert_match_rate": 0.6474212749615975, "bc_loss": 2.1680925464630123, "expert_probability": 0.8}}
{"step": 93, "phase": "phase2", "timestamp": 1759797511.6447306, "metrics": {"avg_reward": 310.4629337318487, "completion_rate": 1.0, "expert_match_rate": 0.6464132104454685, "bc_loss": 2.1680925464630123, "expert_probability": 0.8}}
{"step": 94, "phase": "phase2", "timestamp": 1759797568.507772, "metrics": {"avg_reward": 334.15376838188774, "completion_rate": 1.0, "expert_match_rate": 0.6464132104454686, "bc_loss": 2.0251799470186236, "expert_probability": 0.8}}
{"step": 95, "phase": "phase2", "timestamp": 1759797579.1764796, "metrics": {"avg_reward": 332.2883061594285, "completion_rate": 1.0, "expert_match_rate": 0.6397465437788019, "bc_loss": 2.0251799470186236, "expert_probability": 0.8}}
{"step": 97, "phase": "phase2", "timestamp": 1759797669.1996262, "metrics": {"avg_reward": 312.12739675146184, "completion_rate": 1.0, "expert_match_rate": 0.6247465437788018, "bc_loss": 1.98601336479187, "expert_probability": 0.8}}
{"step": 98, "phase": "phase2", "timestamp": 1759797725.4750865, "metrics": {"avg_reward": 306.1984737327133, "completion_rate": 1.0, "expert_match_rate": 0.6634562211981567, "bc_loss": 1.98601336479187, "expert_probability": 0.8}}
{"step": 99, "phase": "phase2", "timestamp": 1759797753.222424, "metrics": {"avg_reward": 332.04264652609015, "completion_rate": 1.0, "expert_match_rate": 0.7491705069124424, "bc_loss": 1.98601336479187, "expert_probability": 0.8}}
{"step": 100, "phase": "phase2", "timestamp": 1759797790.6720877, "metrics": {"avg_reward": 320.63741844889245, "completion_rate": 1.0, "expert_match_rate": 0.8241705069124423, "bc_loss": 2.108666181564331, "expert_probability": 0.8}}
