{"step": 59, "phase": "phase2", "timestamp": 1759798449.7168763, "metrics": {"avg_reward": 487.93982507529324, "completion_rate": 1.0, "expert_match_rate": 0.6594967532467533, "bc_loss": 1.8686402201652528, "expert_probability": 0.8}}
{"step": 60, "phase": "phase2", "timestamp": 1759798477.620462, "metrics": {"avg_reward": 500.52039621664653, "completion_rate": 1.0, "expert_match_rate": 0.6675974025974026, "bc_loss": 1.8686402201652528, "expert_probability": 0.8}}
{"step": 61, "phase": "phase2", "timestamp": 1759798505.5730205, "metrics": {"avg_reward": 461.87542808824384, "completion_rate": 1.0, "expert_match_rate": 0.6775432900432902, "bc_loss": 1.8686402201652528, "expert_probability": 0.8}}
{"step": 62, "phase": "phase2", "timestamp": 1759798534.109064, "metrics": {"avg_reward": 464.3175013028066, "completion_rate": 1.0, "expert_match_rate": 0.7236085343228201, "bc_loss": 1.8686402201652528, "expert_probability": 0.8}}
{"step": 63, "phase": "phase2", "timestamp": 1759798561.175761, "metrics": {"avg_reward": 493.5329894912405, "completion_rate": 1.0, "expert_match_rate": 0.6331574675324676, "bc_loss": 1.8686402201652528, "expert_probability": 0.8}}
{"step": 64, "phase": "phase2", "timestamp": 1759798588.7219887, "metrics": {"avg_reward": 478.3414450112715, "completion_rate": 1.0, "expert_match_rate": 0.6516955266955268, "bc_loss": 1.8686402201652528, "expert_probability": 0.8}}
{"step": 65, "phase": "phase2", "timestamp": 1759798615.76123, "metrics": {"avg_reward": 476.5879103129537, "completion_rate": 1.0, "expert_match_rate": 0.6698593073593073, "bc_loss": 1.8686402201652528, "expert_probability": 0.8}}
{"step": 66, "phase": "phase2", "timestamp": 1759798643.2461903, "metrics": {"avg_reward": 482.98835683335494, "completion_rate": 1.0, "expert_match_rate": 0.6646212121212122, "bc_loss": 1.8686402201652528, "expert_probability": 0.8}}
{"step": 67, "phase": "phase2", "timestamp": 1759798670.9273267, "metrics": {"avg_reward": 488.5432950579162, "completion_rate": 1.0, "expert_match_rate": 0.682121212121212, "bc_loss": 1.8686402201652528, "expert_probability": 0.8}}
{"step": 68, "phase": "phase2", "timestamp": 1759798698.7967796, "metrics": {"avg_reward": 465.8644037702835, "completion_rate": 1.0, "expert_match_rate": 0.6835874877810362, "bc_loss": 1.8686402201652528, "expert_probability": 0.8}}
{"step": 69, "phase": "phase2", "timestamp": 1759798726.9974904, "metrics": {"avg_reward": 483.4582853185627, "completion_rate": 1.0, "expert_match_rate": 0.7335874877810362, "bc_loss": 1.8686402201652528, "expert_probability": 0.8}}
{"step": 70, "phase": "phase2", "timestamp": 1759798755.4798155, "metrics": {"avg_reward": 481.04173001382924, "completion_rate": 1.0, "expert_match_rate": 0.7635874877810361, "bc_loss": 1.8686402201652528, "expert_probability": 0.8}}
{"step": 71, "phase": "phase2", "timestamp": 1759798781.747787, "metrics": {"avg_reward": 490.26940661234994, "completion_rate": 1.0, "expert_match_rate": 0.7635874877810361, "bc_loss": 1.8686402201652528, "expert_probability": 0.8}}
{"step": 72, "phase": "phase2", "timestamp": 1759798808.5779307, "metrics": {"avg_reward": 470.33835063641766, "completion_rate": 1.0, "expert_match_rate": 0.6908602150537634, "bc_loss": 1.8686402201652528, "expert_probability": 0.8}}
{"step": 73, "phase": "phase2", "timestamp": 1759798836.973962, "metrics": {"avg_reward": 497.1121263401149, "completion_rate": 1.0, "expert_match_rate": 0.6130824372759857, "bc_loss": 1.8686402201652528, "expert_probability": 0.8}}
{"step": 74, "phase": "phase2", "timestamp": 1759798865.5501113, "metrics": {"avg_reward": 476.2962408244589, "completion_rate": 1.0, "expert_match_rate": 0.7130824372759856, "bc_loss": 1.8686402201652528, "expert_probability": 0.8}}
