{"step": 58, "phase": "phase2", "timestamp": 1759788651.7648122, "metrics": {"avg_reward": 324.3879721731044, "completion_rate": 1.0, "expert_match_rate": 0.7174242424242424, "bc_loss": 1.9211663675308226, "expert_probability": 0.8}}
{"step": 61, "phase": "phase2", "timestamp": 1759788723.8534203, "metrics": {"avg_reward": 324.41728861907217, "completion_rate": 1.0, "expert_match_rate": 0.7637878787878788, "bc_loss": 2.032405345439911, "expert_probability": 0.8}}
{"step": 62, "phase": "phase2", "timestamp": 1759788753.1590996, "metrics": {"avg_reward": 328.8554972003294, "completion_rate": 1.0, "expert_match_rate": 0.8031565656565656, "bc_loss": 2.1987778902053834, "expert_probability": 0.8}}
{"step": 63, "phase": "phase2", "timestamp": 1759788775.8194742, "metrics": {"avg_reward": 331.7851331884152, "completion_rate": 1.0, "expert_match_rate": 0.790460729746444, "bc_loss": 2.1987778902053834, "expert_probability": 0.8}}
{"step": 64, "phase": "phase2", "timestamp": 1759788798.1954286, "metrics": {"avg_reward": 329.43417329436187, "completion_rate": 1.0, "expert_match_rate": 0.7880817099567099, "bc_loss": 2.1987778902053834, "expert_probability": 0.8}}
{"step": 65, "phase": "phase2", "timestamp": 1759788827.344757, "metrics": {"avg_reward": 321.88621068758727, "completion_rate": 1.0, "expert_match_rate": 0.8116281866281866, "bc_loss": 1.9426054656505585, "expert_probability": 0.8}}
{"step": 67, "phase": "phase2", "timestamp": 1759788872.3927274, "metrics": {"avg_reward": 323.2917808859278, "completion_rate": 1.0, "expert_match_rate": 0.8379653679653678, "bc_loss": 1.9426054656505585, "expert_probability": 0.8}}
{"step": 68, "phase": "phase2", "timestamp": 1759788901.336157, "metrics": {"avg_reward": 323.89928388509844, "completion_rate": 1.0, "expert_match_rate": 0.8754653679653679, "bc_loss": 2.263333284854889, "expert_probability": 0.8}}
{"step": 69, "phase": "phase2", "timestamp": 1759788923.996555, "metrics": {"avg_reward": 327.1145788908708, "completion_rate": 1.0, "expert_match_rate": 0.8813095238095239, "bc_loss": 2.263333284854889, "expert_probability": 0.8}}
{"step": 70, "phase": "phase2", "timestamp": 1759788947.1633735, "metrics": {"avg_reward": 333.67346830448577, "completion_rate": 1.0, "expert_match_rate": 0.8659249084249083, "bc_loss": 2.263333284854889, "expert_probability": 0.8}}
{"step": 71, "phase": "phase2", "timestamp": 1759788977.2165315, "metrics": {"avg_reward": 321.8935599076775, "completion_rate": 1.0, "expert_match_rate": 0.8792582417582417, "bc_loss": 1.930244870185852, "expert_probability": 0.8}}
{"step": 72, "phase": "phase2", "timestamp": 1759788999.520843, "metrics": {"avg_reward": 319.6352256710428, "completion_rate": 1.0, "expert_match_rate": 0.8792582417582416, "bc_loss": 1.930244870185852, "expert_probability": 0.8}}
{"step": 74, "phase": "phase2", "timestamp": 1759789052.0618353, "metrics": {"avg_reward": 328.0837222866163, "completion_rate": 1.0, "expert_match_rate": 0.9006868131868131, "bc_loss": 2.044735162258148, "expert_probability": 0.8}}
{"step": 75, "phase": "phase2", "timestamp": 1759789074.0929227, "metrics": {"avg_reward": 328.4775852152997, "completion_rate": 1.0, "expert_match_rate": 0.878464590964591, "bc_loss": 2.044735162258148, "expert_probability": 0.8}}
{"step": 76, "phase": "phase2", "timestamp": 1759789096.0962765, "metrics": {"avg_reward": 290.05018154191174, "completion_rate": 1.0, "expert_match_rate": 0.8794261294261293, "bc_loss": 2.044735162258148, "expert_probability": 0.7}}
{"step": 77, "phase": "phase2", "timestamp": 1759789124.7054775, "metrics": {"avg_reward": 310.99912848462407, "completion_rate": 1.0, "expert_match_rate": 0.7860927960927961, "bc_loss": 2.1156924510002133, "expert_probability": 0.7}}
{"step": 78, "phase": "phase2", "timestamp": 1759789146.7368608, "metrics": {"avg_reward": 306.645074595146, "completion_rate": 1.0, "expert_match_rate": 0.7670451770451769, "bc_loss": 2.1156924510002133, "expert_probability": 0.7}}
{"step": 79, "phase": "phase2", "timestamp": 1759789168.7653775, "metrics": {"avg_reward": 307.00345765111126, "completion_rate": 1.0, "expert_match_rate": 0.692045177045177, "bc_loss": 2.1156924510002133, "expert_probability": 0.7}}
{"step": 80, "phase": "phase2", "timestamp": 1759789197.7813742, "metrics": {"avg_reward": 320.8700892636941, "completion_rate": 1.0, "expert_match_rate": 0.6824297924297924, "bc_loss": 1.9925541377067564, "expert_probability": 0.7}}
{"step": 81, "phase": "phase2", "timestamp": 1759789219.5441895, "metrics": {"avg_reward": 314.8033987165122, "completion_rate": 1.0, "expert_match_rate": 0.6774297924297924, "bc_loss": 1.9925541377067564, "expert_probability": 0.7}}
{"step": 82, "phase": "phase2", "timestamp": 1759789240.9658978, "metrics": {"avg_reward": 304.0645504208506, "completion_rate": 1.0, "expert_match_rate": 0.6511140029561082, "bc_loss": 1.9925541377067564, "expert_probability": 0.7}}
{"step": 83, "phase": "phase2", "timestamp": 1759789271.121219, "metrics": {"avg_reward": 310.3008362953315, "completion_rate": 1.0, "expert_match_rate": 0.6637226986082821, "bc_loss": 2.236741619110107, "expert_probability": 0.7}}
{"step": 84, "phase": "phase2", "timestamp": 1759789294.9697058, "metrics": {"avg_reward": 305.7578537329676, "completion_rate": 1.0, "expert_match_rate": 0.5762226986082821, "bc_loss": 2.236741619110107, "expert_probability": 0.7}}
{"step": 85, "phase": "phase2", "timestamp": 1759789317.7050526, "metrics": {"avg_reward": 307.82943954359337, "completion_rate": 1.0, "expert_match_rate": 0.5812035415201595, "bc_loss": 2.236741619110107, "expert_probability": 0.7}}
{"step": 86, "phase": "phase2", "timestamp": 1759789346.5033946, "metrics": {"avg_reward": 300.6820073828548, "completion_rate": 1.0, "expert_match_rate": 0.5085314767428316, "bc_loss": 1.88423712015152, "expert_probability": 0.7}}
{"step": 87, "phase": "phase2", "timestamp": 1759789369.1846077, "metrics": {"avg_reward": 314.9670556037491, "completion_rate": 1.0, "expert_match_rate": 0.574941733153088, "bc_loss": 1.88423712015152, "expert_probability": 0.7}}
{"step": 88, "phase": "phase2", "timestamp": 1759789390.9694352, "metrics": {"avg_reward": 311.80005058858677, "completion_rate": 1.0, "expert_match_rate": 0.5473226855340404, "bc_loss": 1.88423712015152, "expert_probability": 0.7}}
{"step": 89, "phase": "phase2", "timestamp": 1759789420.7701597, "metrics": {"avg_reward": 310.48735578185654, "completion_rate": 1.0, "expert_match_rate": 0.5473226855340404, "bc_loss": 1.595520135164261, "expert_probability": 0.7}}
{"step": 90, "phase": "phase2", "timestamp": 1759789443.2573056, "metrics": {"avg_reward": 298.8487557713938, "completion_rate": 1.0, "expert_match_rate": 0.6301148933262481, "bc_loss": 1.595520135164261, "expert_probability": 0.7}}
{"step": 91, "phase": "phase2", "timestamp": 1759789465.0593472, "metrics": {"avg_reward": 295.6765217100369, "completion_rate": 1.0, "expert_match_rate": 0.5676148933262481, "bc_loss": 1.595520135164261, "expert_probability": 0.7}}
{"step": 92, "phase": "phase2", "timestamp": 1759789494.6492872, "metrics": {"avg_reward": 306.73881509800356, "completion_rate": 1.0, "expert_match_rate": 0.4926148933262482, "bc_loss": 2.032642869949341, "expert_probability": 0.7}}
{"step": 93, "phase": "phase2", "timestamp": 1759789516.5942655, "metrics": {"avg_reward": 316.0256914234692, "completion_rate": 1.0, "expert_match_rate": 0.5029306827999325, "bc_loss": 2.032642869949341, "expert_probability": 0.7}}
{"step": 94, "phase": "phase2", "timestamp": 1759789538.8156416, "metrics": {"avg_reward": 309.3867530627766, "completion_rate": 1.0, "expert_match_rate": 0.47416814099391236, "bc_loss": 2.032642869949341, "expert_probability": 0.7}}
{"step": 95, "phase": "phase2", "timestamp": 1759789567.720322, "metrics": {"avg_reward": 314.19857372084124, "completion_rate": 1.0, "expert_match_rate": 0.46166814099391223, "bc_loss": 2.044129862785339, "expert_probability": 0.7}}
{"step": 96, "phase": "phase2", "timestamp": 1759789589.1649363,