{
  "Best Model": {
    "avg_reward": -30.992811027397046,
    "std_reward": 7.105427357601002e-15,
    "min_reward": -30.992811027397053,
    "max_reward": -30.992811027397053,
    "avg_completion": 1.0,
    "std_completion": 0.0,
    "success_rate": 1.0,
    "avg_steps": 32.0,
    "avg_time": 0.8969708561897278
  },
  "Final Model": {
    "avg_reward": -30.992811027397046,
    "std_reward": 7.105427357601002e-15,
    "min_reward": -30.992811027397053,
    "max_reward": -30.992811027397053,
    "avg_completion": 1.0,
    "std_completion": 0.0,
    "success_rate": 1.0,
    "avg_steps": 32.0,
    "avg_time": 0.9623824834823609
  },
  "Expert": {
    "avg_reward": 0.48619139028607633,
    "std_reward": 1.6653345369377348e-16,
    "min_reward": 0.48619139028607616,
    "max_reward": 0.48619139028607616,
    "avg_completion": 1.0,
    "std_completion": 0.0,
    "success_rate": 1.0,
    "avg_steps": 32.0,
    "avg_time": 0.05364128351211548
  }
}